City_ID,City,Lat,Lng,Max Temp,Humidity,Cloudiness,Wind Speed,Country,Date
0,port alfred,-33.5906,26.891,297.69,52,97,1.4,ZA,1691159652
1,kuta,-8.7233,115.1723,299.12,88,20,3.13,ID,1691160158
2,margaret river,-33.95,115.0667,283.35,79,100,3.19,AU,1691160159
3,yuzhno-kurilsk,44.0306,145.8556,288.71,99,100,3.73,RU,1691159671
4,deqen,29.9618,90.7188,284.51,88,100,1.79,CN,1691160161
5,fortuna,40.5982,-124.1573,288.67,93,100,0.0,US,1691159847
6,pahrump,36.2083,-115.9839,301.46,10,0,0.57,US,1691160162
7,hun,29.1268,15.9477,313.87,13,0,4.54,LY,1691160162
8,blackmans bay,-43.0167,147.3167,286.22,80,96,7.22,AU,1691159598
9,pathein,16.7833,94.7333,299.54,87,43,3.47,MM,1691160164
10,grytviken,-54.2811,-36.5092,271.77,93,100,4.11,GS,1691159580
11,sosnogorsk,63.6023,53.8817,294.61,74,87,1.58,RU,1691160165
12,nemuro,43.3236,145.575,288.76,99,98,7.09,JP,1691159631
13,adamstown,-25.066,-130.1015,291.8,70,91,8.04,PN,1691159576
14,vilyuchinsk,52.9306,158.4028,284.3,86,2,3.76,RU,1691159735
15,port-aux-francais,-49.35,70.2167,274.72,66,100,13.0,TF,1691160167
16,port elizabeth,-33.918,25.5701,301.31,28,0,2.57,ZA,1691159663
17,st. john's,47.5649,-52.7093,296.08,64,20,5.14,CA,1691159409
18,ushuaia,-54.8,-68.3,271.96,74,75,7.72,AR,1691159447
19,santa elena de uairen,4.6167,-61.1333,296.73,75,80,1.35,VE,1691160170
20,hamilton,39.1834,-84.5333,302.49,66,0,2.06,US,1691159502
21,yellowknife,62.456,-114.3525,289.44,82,75,1.03,CA,1691159582
22,tayu,-6.5397,111.0518,299.13,76,19,4.43,ID,1691160172
23,tofol,5.3248,163.0078,301.5,77,100,4.82,FM,1691159745
24,okhotsk,59.3833,143.3,288.27,51,99,3.34,RU,1691159886
25,stanley,54.868,-1.6985,288.86,81,40,2.06,GB,1691159643
26,whitehorse,60.7161,-135.0538,286.38,81,40,2.06,CA,1691159602
27,ilulissat,69.2167,-51.1,281.16,76,40,2.06,GL,1691159590
28,constantia,44.1833,28.65,303.54,64,0,4.94,RO,1691159645
29,college,64.8569,-147.8028,290.82,75,75,3.09,US,1691159419
30,bilibino,68.0546,166.4372,282.71,97,100,1.73,RU,1691159665
31,mana,5.6592,-53.7767,303.11,62,0,2.96,GF,1691159810
32,meadow lake,34.8014,-106.5436,303.42,29,16,2.07,US,1691160177
33,tingo maria,-9.2895,-76.0088,296.32,73,20,2.57,PE,1691159651
34,ust-nera,64.5667,143.2,284.85,50,11,1.77,RU,1691160178
35,inarajan village,13.2736,144.7484,301.69,95,13,3.03,GU,1691159771
36,nantucket,41.2835,-70.0995,296.48,73,0,5.66,US,1691159983
37,condega,13.365,-86.3985,299.77,68,50,3.61,NI,1691160180
38,srivardhan,18.0333,73.0167,299.71,90,84,5.47,IN,1691160180
39,roma,43.2128,-75.4557,297.25,87,75,2.57,US,1691160181
40,carnarvon,-24.8667,113.6333,291.66,56,0,8.08,AU,1691159805
41,nyurba,63.2842,118.3319,291.19,59,100,2.77,RU,1691159691
42,qamdo,31.1667,97.2333,281.48,77,85,1.18,CN,1691160182
43,aykhal,66.0,111.5,280.87,96,100,5.12,RU,1691159598
44,kijang,35.2442,129.2139,302.0,78,12,0.61,KR,1691160183
45,ambodifotatra,-16.9833,49.85,296.48,80,88,10.49,MG,1691160184
46,sitka,57.0531,-135.33,287.09,88,20,0.0,US,1691160184
47,ruteng,-8.6136,120.4721,288.44,87,56,0.86,ID,1691160185
48,alaghsas,17.0187,8.0168,311.09,39,20,3.6,NE,1691159914
49,saladas,-28.2538,-58.6259,303.11,36,0,3.6,AR,1691160186
50,longyearbyen,78.2186,15.6401,286.06,88,75,4.63,SJ,1691159772
51,mount pearl,47.5166,-52.7813,295.62,63,20,5.14,CA,1691159976
52,ribeira grande,38.5167,-28.7,299.14,69,20,4.92,PT,1691159607
53,touros,-5.1989,-35.4608,302.55,52,0,7.63,BR,1691159860
54,monrovia,6.3005,-10.7969,299.02,82,44,4.68,LR,1691160024
55,cabo san lucas,22.8909,-109.9124,305.16,73,87,1.34,MX,1691160191
56,tura,25.5198,90.2201,297.59,97,100,1.73,IN,1691159505
57,afaahiti,-17.75,-149.2833,294.08,78,27,5.61,PF,1691160192
58,glace bay,46.1969,-59.957,296.36,63,75,7.2,CA,1691159714
59,papatowai,-46.5619,169.4708,277.59,81,33,0.64,NZ,1691160193
60,bethel,41.3712,-73.414,297.33,79,100,2.57,US,1691160194
61,london,51.5085,-0.1257,294.83,67,75,6.17,GB,1691159888
62,talnakh,69.4865,88.3972,292.71,47,49,3.12,RU,1691159618
63,morehead city,34.7229,-76.726,301.15,77,75,7.2,US,1691160195
64,zhangatas,43.5667,69.75,303.28,21,0,4.19,KZ,1691160089
65,nar'yan-mar,67.6713,53.087,300.93,54,61,3.19,RU,1691160196
66,tvoroyri,61.5556,-6.8111,283.7,82,95,5.43,FO,1691159707
67,anar darah,32.7587,61.654,309.36,7,0,12.73,AF,1691160197
68,kalemie,-5.9475,29.1947,299.56,47,30,4.99,CD,1691160198
69,ellsworth,44.5434,-68.4195,289.62,94,100,6.17,US,1691160198
70,patamda,24.3,85.4167,297.71,84,95,4.86,IN,1691160199
71,port mathurin,-19.6833,63.4167,296.41,78,20,11.18,MU,1691159621
72,hawaiian paradise park,19.5933,-154.9731,294.84,89,40,3.09,US,1691159644
73,halmstad,56.6745,12.8568,292.21,72,75,6.17,SE,1691160200
74,west island,-12.1568,96.8225,298.14,88,75,5.66,CC,1691159617
75,waitangi,-43.9535,-176.5597,283.05,94,100,2.68,NZ,1691160202
76,badger,64.8,-147.5333,290.77,78,75,3.09,US,1691159640
77,tazacorte,28.629,-17.9293,299.9,81,75,7.72,ES,1691160203
78,keflavik,64.0049,-22.5624,287.1,76,75,5.14,IS,1691159689
79,qaqortoq,60.7167,-46.0333,279.85,83,100,2.51,GL,1691159900
80,enewetak,11.3474,162.3373,301.25,78,97,5.24,MH,1691159815
81,kirakira,-10.4544,161.9205,297.53,90,89,2.97,SB,1691160205
82,howard springs,-12.497,131.047,299.1,56,66,2.04,AU,1691159669
83,edinburgh of the seven seas,-37.0676,-12.3116,283.97,74,50,19.15,SH,1691160206
84,barreiro do jaiba,-15.6167,-43.6,305.75,20,0,1.9,BR,1691160207
85,montmagny,48.9734,2.3469,296.38,60,75,4.63,FR,1691160208
86,hithadhoo,-0.6,73.0833,300.35,78,63,2.46,MV,1691159779
87,georgetown,5.4112,100.3354,303.12,79,20,3.09,MY,1691160101
88,barghat,22.0333,79.7167,295.45,94,100,2.53,IN,1691160210
89,isafjordur,66.0755,-23.124,285.17,71,40,3.09,IS,1691160211
90,remire-montjoly,4.9167,-52.2667,305.17,58,20,2.06,GF,1691160211
91,playa vicente,17.8333,-95.8167,298.07,92,100,2.48,MX,1691160212
92,nabire,-3.3667,135.4833,296.3,95,100,0.99,ID,1691160212
93,nizhnyaya poyma,56.1622,97.1933,288.94,93,15,2.35,RU,1691159715
94,mount isa,-20.7333,139.5,290.02,59,100,2.06,AU,1691159738
95,klyuchi,52.2667,79.1667,297.47,49,91,3.28,RU,1691159753
96,sisimiut,66.9395,-53.6735,280.0,82,100,3.19,GL,1691160216
97,anta,25.15,76.3,298.96,84,100,4.2,IN,1691160217
98,albany,42.6001,-73.9662,296.93,83,91,1.34,US,1691159921
99,lihue,21.9789,-159.3672,298.92,82,20,6.17,US,1691159721
100,mar del plata,-38.0023,-57.5575,286.16,35,0,5.66,AR,1691159942
101,uturoa,-16.7333,-151.4333,299.02,74,12,5.31,PF,1691160219
102,shingu,33.7333,135.9833,298.65,90,18,1.13,JP,1691159960
103,thompson,55.7435,-97.8558,291.24,82,100,1.54,CA,1691159653
104,puerto ayora,-0.7393,-90.3518,300.13,98,27,1.34,EC,1691159490
105,khandyga,62.6667,135.6,286.62,75,31,1.62,RU,1691160222
106,southport,53.6478,-3.0065,292.86,60,40,8.23,GB,1691160223
107,rongelap,11.1635,166.8941,301.6,78,100,6.28,MH,1691160224
108,susuman,62.7833,148.1667,279.81,70,63,2.35,RU,1691159626
109,viedma,-40.8135,-62.9967,285.92,34,0,7.83,AR,1691159985
110,atar,20.5169,-13.0499,317.65,7,35,7.7,MR,1691160225
111,puerto natales,-51.7236,-72.4875,275.92,83,100,4.97,CL,1691160226
112,mariehamn,60.0973,19.9348,293.07,83,75,4.12,AX,1691160226
113,keelung,25.1283,121.7419,303.09,86,100,8.71,TW,1691160227
114,coquimbo,-29.9533,-71.3436,287.0,94,100,1.54,CL,1691159980
115,bredasdorp,-34.5322,20.0403,292.12,64,4,1.73,ZA,1691160228
116,tierralta,8.1736,-76.0592,302.59,77,56,0.51,CO,1691160228
117,vadso,70.0744,29.7487,292.64,82,75,6.69,NO,1691160229
118,saipan,15.1355,145.701,301.54,100,20,2.24,MP,1691159710
119,sandnessjoen,66.0217,12.6316,288.44,77,75,3.09,NO,1691160230
120,mikuni,36.2171,136.1519,302.1,83,14,2.61,JP,1691160230
121,yulinshi,38.2906,109.7494,298.04,65,99,1.74,CN,1691160231
122,poronaysk,49.2167,143.1167,286.33,91,57,1.37,RU,1691160236
123,ust'-ilimsk,58.0006,102.6619,286.79,97,71,2.97,RU,1691160237
124,wailua homesteads,22.0669,-159.378,298.59,84,20,6.17,US,1691159711
125,oriximina,-1.7656,-55.8661,309.14,32,5,1.91,BR,1691160171
126,chonchi,-42.6128,-73.8092,280.44,77,10,1.14,CL,1691159677
127,zindah jan,34.3426,61.7468,306.42,14,0,13.05,AF,1691159849
128,cruz del eje,-30.7264,-64.8039,297.1,38,0,1.98,AR,1691160240
129,ostersund,63.1792,14.6357,290.16,67,0,8.75,SE,1691160240
130,wynyard,-41.0,145.7167,282.24,87,100,7.01,AU,1691160241
131,zaysan,47.4667,84.8667,296.53,41,0,3.67,KZ,1691160242
132,saint-julien-les-villas,48.2667,4.1,292.13,68,75,6.69,FR,1691160243
133,guerrero negro,27.9769,-114.0611,294.51,72,3,6.61,MX,1691159710
134,constitucion,-35.3333,-72.4167,286.58,44,3,2.32,CL,1691160244
135,sinabang,2.4803,96.3801,300.47,77,100,1.17,ID,1691159700
136,richards bay,-28.783,32.0377,293.79,67,3,6.82,ZA,1691159675
137,missao velha,-7.2497,-39.1431,302.42,51,0,0.0,BR,1691160246
138,smithers,54.7804,-127.1743,281.33,100,20,1.03,CA,1691160246
139,tolanaro,-25.0319,46.9987,295.19,64,40,8.23,MG,1691159758
140,mantua,45.1667,10.7833,301.73,50,98,6.55,IT,1691160247
141,invercargill,-46.4,168.35,277.05,97,61,0.89,NZ,1691160248
142,kabalo,-6.05,26.9167,306.29,26,52,3.22,CD,1691160248
143,forster,-32.1667,152.5167,282.25,98,100,3.59,AU,1691160249
144,chake chake,-5.2459,39.7666,297.63,80,95,6.46,TZ,1691160249
145,minas de marcona,-15.2119,-75.1103,289.25,61,13,2.67,PE,1691159850
146,avarua,-21.2078,-159.775,295.18,78,96,2.57,CK,1691160250
147,usinsk,65.9939,57.5281,299.76,49,43,7.01,RU,1691159889
148,peterhead,57.5058,-1.7981,289.37,69,98,6.09,GB,1691160251
149,bandon,51.7469,-8.7425,287.92,79,100,4.19,IE,1691160252
150,crane,31.3974,-102.3501,302.87,46,4,8.38,US,1691160252
151,coahuayana de hidalgo,18.7,-103.6583,300.02,83,99,0.73,MX,1691160253
152,fale old settlement,-9.3852,-171.2468,301.22,72,89,5.0,TK,1691159884
153,saudarkrokur,65.7461,-19.6394,284.99,67,50,3.56,IS,1691159965
154,borzya,50.3833,116.5167,285.75,85,100,1.87,RU,1691160255
155,neiafu,-18.65,-173.9833,296.53,83,100,4.12,TO,1691159746
156,karratha,-20.7377,116.8463,295.75,59,0,3.28,AU,1691160261
157,mikhaylov,54.2292,39.0186,300.29,58,12,3.32,RU,1691160262
158,zemio,5.0314,25.1361,294.16,98,100,1.68,CF,1691160263
159,aparri,18.3333,121.6167,300.57,72,100,4.27,PH,1691160263
160,bocas del toro,9.3333,-82.25,300.96,75,50,2.72,PA,1691160264
161,kondratovo,57.9804,56.1066,300.31,50,0,4.0,RU,1691160264
162,burela de cabo,43.65,-7.4,292.49,63,2,4.01,ES,1691160265
163,olonkinbyen,70.9221,-8.7187,276.9,90,100,10.93,SJ,1691160265
164,qurayyat,31.3318,37.3428,312.25,11,0,6.17,SA,1691160266
165,jamestown,42.097,-79.2353,296.79,78,75,3.09,US,1691160139
166,haiku-pauwela,20.9219,-156.3051,297.06,81,20,5.66,US,1691159868
167,iqaluit,63.7506,-68.5145,282.98,76,75,2.06,CA,1691160268
168,praia da vitoria,38.7333,-27.0667,299.68,69,20,4.99,PT,1691160269
169,khorixas,-20.3667,14.9667,301.61,12,0,1.39,NA,1691160269
170,lesnoy,57.6198,63.0784,294.07,83,72,1.82,RU,1691160270
171,san patricio,28.017,-97.5169,304.77,52,12,5.55,US,1691160270
172,tiksi,71.6872,128.8694,276.66,96,100,1.61,RU,1691160271
173,leninskoye,41.7589,69.3864,302.43,16,0,3.43,KZ,1691160271
174,betare oya,5.6,14.0833,298.28,76,81,1.5,CM,1691160272
175,kodiak,57.79,-152.4072,280.88,93,0,2.06,US,1691159714
176,les cayes,18.2,-73.75,304.17,63,40,3.67,HT,1691160273
177,zaozersk,69.4005,32.4476,295.48,63,96,6.86,RU,1691159956
178,howrah,22.5892,88.3103,303.15,79,75,4.63,IN,1691159922
179,ghat,24.9647,10.1728,315.31,9,6,1.51,LY,1691159866
180,bengkulu,-3.8004,102.2655,298.99,92,37,4.46,ID,1691159820
181,tralee,52.2704,-9.7026,288.29,77,75,1.54,IE,1691159921
182,bubaque,11.2833,-15.8333,299.67,82,100,3.94,GW,1691159963
183,fuyuan,46.4333,127.0833,289.67,95,95,5.36,CN,1691160277
184,tazovsky,67.4667,78.7,292.66,62,3,3.47,RU,1691159845
185,mareeba,-17.0,145.4333,290.64,92,76,0.29,AU,1691160279
186,gizo,-8.103,156.8419,299.36,86,97,9.01,SB,1691160280
187,tashla,51.7716,52.7427,302.19,39,62,3.73,RU,1691160280
188,puerto armuelles,8.2833,-82.8667,300.98,70,9,1.34,PA,1691160281
189,sajir,25.1825,44.5996,313.53,7,3,5.7,SA,1691160281
190,collipulli,-37.95,-72.4333,279.45,57,11,3.33,CL,1691160282
191,sodra sandby,56.5667,16.6167,296.07,71,21,8.01,SE,1691160282
192,uray,60.1247,64.7758,294.49,81,74,2.86,RU,1691160283
193,chul'man,56.8479,124.9104,284.53,73,0,1.56,RU,1691160284
194,fort mcmurray,56.7268,-111.381,288.92,82,40,4.12,CA,1691159789
195,san antonio,29.4241,-98.4936,304.21,68,20,3.6,US,1691160069
196,aasiaat,68.7098,-52.8699,274.9,88,100,1.74,GL,1691159871
197,ishigaki,24.3448,124.1572,301.22,94,75,3.09,JP,1691160045
198,yung shue wan,22.2333,114.1167,304.58,81,95,0.45,HK,1691159909
199,pinhal novo,38.6311,-8.9138,304.62,25,0,6.69,PT,1691160033
200,ugoofaaru,5.6667,73.0,301.93,74,34,3.7,MV,1691160288
201,pisco,-13.7,-76.2167,292.18,77,100,1.03,PE,1691160288
202,hammerfest,70.6634,23.6821,290.4,94,75,1.03,NO,1691159839
203,sinop,41.7711,34.8709,298.57,56,0,2.87,TR,1691159956
204,beloyarskiy,63.7119,66.6722,299.39,49,99,3.34,RU,1691160290
205,margate,51.3813,1.3862,293.32,75,19,2.24,GB,1691160290
206,sima,53.9202,102.0442,291.49,90,100,0.55,RU,1691160291
207,kerikeri,-35.2268,173.9474,281.43,91,20,4.0,NZ,1691159862
208,tyre,33.2733,35.1939,307.9,65,0,3.5,LB,1691160292
209,marsh harbour,26.5412,-77.0636,302.0,69,32,4.57,BS,1691159735
210,phalodi,27.1333,72.3667,307.72,44,75,7.03,IN,1691160293
211,semera,11.501,41.201,310.64,21,100,4.25,ET,1691160293
212,ambikapur,23.1167,83.2,296.24,94,100,4.33,IN,1691160294
213,oberstdorf,47.4,10.2833,292.05,68,100,0.45,DE,1691160109
214,meulaboh,4.1363,96.1285,299.64,82,97,0.68,ID,1691160295
215,lethbridge,49.7,-112.8186,290.21,77,40,1.03,CA,1691160295
216,goz beida,13.95,20.55,303.32,49,100,5.23,TD,1691160296
217,maragogi,-9.0122,-35.2225,299.51,56,5,4.17,BR,1691160297
218,petukhovo,55.0692,67.9019,296.32,60,92,1.53,RU,1691160297
219,port lincoln,-34.7333,135.8667,284.43,61,50,4.91,AU,1691160298
220,harper,4.375,-7.7169,299.31,76,77,4.32,LR,1691159814
221,concepcion del oro,24.6333,-101.4167,293.15,50,17,1.71,MX,1691160299
222,suixi,33.8907,116.7747,301.14,78,54,3.19,CN,1691160300
223,mishelevka,52.8575,103.1719,292.21,91,100,1.66,RU,1691160300
224,mlowo,-9.0,32.9833,293.81,46,77,4.46,TZ,1691160301
225,klaksvik,62.2266,-6.589,285.66,81,100,4.72,FO,1691159894
226,zeya,53.75,127.2667,287.61,59,0,2.28,RU,1691160304
227,nova sintra,14.8667,-24.7167,297.21,83,54,3.71,CV,1691159977
228,fort bragg,35.139,-79.006,298.26,94,100,2.57,US,1691160305
229,buzdyak,54.5833,54.55,297.2,63,18,2.33,RU,1691160305
230,ribeira brava,32.65,-17.0667,300.77,68,17,2.0,PT,1691159866
231,rio preto da eva,-2.6994,-59.6997,308.32,39,7,1.55,BR,1691160077
232,gadzhiyevo,69.2551,33.3362,296.08,60,99,9.62,RU,1691159821
233,liuhe,42.2401,125.7172,296.04,98,100,2.17,CN,1691160309
234,vetluzhskiy,58.3902,45.4654,297.08,67,89,2.22,RU,1691160310
235,lebu,-37.6167,-73.65,282.94,56,6,6.33,CL,1691160311
236,pana,39.3889,-89.0801,300.7,76,44,2.68,US,1691160312
237,kailua-kona,19.6406,-155.9956,297.13,77,0,5.66,US,1691159890
238,derhachi,50.1066,36.1211,304.11,33,0,2.38,UA,1691160313
239,east london,-33.0153,27.9116,299.67,36,0,2.06,ZA,1691160314
240,osorno,-40.5667,-73.15,275.32,100,100,1.03,CL,1691160112
241,koh kong,11.6175,102.9806,299.65,86,100,2.29,KH,1691160315
242,waiuku,-37.25,174.75,287.18,84,97,4.13,NZ,1691160316
243,i-n-salah,27.1935,2.4607,320.73,5,0,6.45,DZ,1691160316
244,rio grande,-32.035,-52.0986,290.21,76,99,2.72,BR,1691159544
245,brookhaven,31.5791,-90.4407,304.15,55,0,2.96,US,1691160318
246,eket,4.6412,7.9209,298.95,80,97,4.93,NG,1691160318
247,greymouth,-42.4667,171.2,279.23,91,92,2.65,NZ,1691160319
248,saint-pierre,-21.3393,55.4781,295.69,78,100,12.86,RE,1691160320
249,hasaki,35.7333,140.8333,302.21,84,3,6.34,JP,1691159748
250,fort st. john,56.2499,-120.8529,284.09,100,20,3.6,CA,1691159637
251,brisas de zicatela,15.8369,-97.0419,299.44,69,75,2.57,MX,1691160322
252,cestos city,5.46,-9.5828,299.49,82,72,4.47,LR,1691160022
253,weno,7.4515,151.8468,298.86,94,100,5.92,FM,1691159947
254,la passe,45.5549,-0.8967,294.28,53,44,8.03,FR,1691159846
255,namibe,-15.1961,12.1522,294.33,67,8,5.4,AO,1691159972
256,anadyr,64.75,177.4833,283.43,93,75,6.0,RU,1691160326
257,makubetsu,45.3714,141.8211,289.16,92,97,4.02,JP,1691160328
258,ihsaniye,40.6909,29.8347,307.83,34,0,6.74,TR,1691160328
259,paragould,36.0584,-90.4973,296.11,70,95,1.84,US,1691160330
260,zouerate,22.7187,-12.4521,315.21,9,4,9.22,MR,1691159965
261,lompoc,34.6391,-120.4579,287.33,96,100,6.17,US,1691159914
262,sungai penuh,-2.0833,101.3833,292.16,98,92,1.48,ID,1691160331
263,al jawf,29.5,38.75,310.84,11,0,4.49,SA,1691160333
264,colonia,50.9333,6.95,296.46,57,0,2.57,DE,1691160333
265,codrington,-38.2667,141.9667,282.81,65,93,6.83,AU,1691159920
266,pacific grove,36.6177,-121.9166,288.27,94,100,2.57,US,1691160335
267,ghadamis,30.1337,9.5007,316.64,7,0,2.55,LY,1691159919
268,tucumcari,35.1717,-103.725,294.06,64,0,5.14,US,1691160336
269,arno,60.1167,18.6333,289.7,87,99,4.81,SE,1691160336
270,erenhot,43.6475,111.9767,299.09,42,0,6.63,CN,1691160337
271,harstad,68.799,16.5293,290.46,81,55,8.49,NO,1691160337
272,kosh-agach,50.0,88.6667,285.73,79,96,0.8,RU,1691160338
273,choyr,46.3611,108.3611,291.62,64,57,7.0,MN,1691160338
274,altai,46.3722,96.2583,291.08,47,39,1.14,MN,1691160339
275,ola,59.5833,151.2833,287.41,70,100,2.79,RU,1691159958
276,miyaly,48.8844,53.7836,306.96,24,77,3.01,KZ,1691160340
277,hadibu,12.65,54.0333,300.29,68,99,8.89,YE,1691160340
278,jumla,29.2747,82.1838,291.73,96,99,1.27,NP,1691160341
279,dakhla,23.6848,-15.958,298.16,65,14,12.35,EH,1691160341
280,jiuquan,39.7432,98.5174,302.79,17,100,3.3,CN,1691160343
281,ongjin,37.9347,125.3619,298.04,91,99,0.59,KP,1691160343
282,hartford,41.7668,-72.7662,297.02,80,100,4.12,US,1691160344
283,palikir - national government center,6.9248,158.1611,297.56,94,75,0.0,FM,1691160345
284,brazzaville,-4.2658,15.2832,303.35,51,11,3.09,CG,1691160130
285,mata-utu,-13.2816,-176.1745,300.91,73,62,8.2,WF,1691160025
286,sur,22.5667,59.5289,305.71,62,100,0.88,OM,1691160346
287,wotho,10.1657,166.0102,301.16,79,95,6.07,MH,1691160347
288,vilyuysk,63.7553,121.6247,290.92,61,100,3.52,RU,1691160349
289,newman,37.3138,-121.0208,290.51,82,0,0.45,US,1691159745
290,punta arenas,-53.15,-70.9167,274.33,69,70,8.62,CL,1691160350
291,sao joao da barra,-21.6403,-41.0511,298.2,62,1,4.37,BR,1691159855
292,labrador city,52.9463,-66.9114,285.1,100,100,4.12,CA,1691159788
293,maitum,6.0392,124.4986,299.53,85,13,0.93,PH,1691159944
294,kangding,30.0513,101.9603,290.5,98,100,0.93,CN,1691160352
295,salinopolis,-0.6136,-47.3561,301.57,75,33,4.64,BR,1691160129
296,sarkand,45.41,79.9186,297.23,27,1,1.93,KZ,1691160353
297,qarazhal,48.0078,70.7903,303.74,24,98,5.9,KZ,1691160353
298,myeik,12.4333,98.6,299.31,89,100,3.95,MM,1691160354
299,itamaraca,-7.7478,-34.8256,301.18,60,33,5.33,BR,1691160354
300,lukolela,-1.0605,17.1821,304.0,43,76,1.16,CD,1691160355
301,anloga,5.7947,0.8973,298.88,81,42,7.32,GH,1691160357
302,santiago suchilquitongo,17.25,-96.8833,289.83,81,100,2.01,MX,1691160357
303,labytnangi,66.6572,66.4183,298.72,57,13,3.15,RU,1691160358
304,rancho palos verdes,33.7445,-118.387,293.72,91,22,2.68,US,1691160074
305,bonyhad,46.2992,18.5302,302.62,50,2,2.61,HU,1691160359
306,novyy urgal,51.0736,132.5642,286.4,70,100,0.75,RU,1691160359
307,morinville,53.8001,-113.652,290.81,83,0,2.06,CA,1691160360
308,santo antonio do leverger,-15.8656,-56.0767,305.36,16,1,1.71,BR,1691160296
309,sinazongwe,-17.2614,27.4618,295.82,40,5,3.22,ZM,1691160361
310,new plymouth,-39.0667,174.0833,281.1,77,71,2.88,NZ,1691160362
311,el calafate,-50.3408,-72.2768,274.78,71,1,5.98,AR,1691160018
312,nicoya,10.1483,-85.452,301.61,73,3,3.61,CR,1691160017
313,katsuura,35.1333,140.3,300.1,85,0,8.23,JP,1691160365
314,chhor,25.5167,69.7667,306.78,53,49,9.78,PK,1691160365
315,felipe carrillo puerto,19.5833,-88.05,305.92,53,32,2.22,MX,1691160366
316,malyn,50.7723,29.2383,303.51,43,84,2.64,UA,1691160367
317,iskateley,67.6803,53.1512,300.92,54,50,3.17,RU,1691159950
318,gilgit,35.9221,74.3087,304.34,43,82,1.42,PK,1691160369
319,nanao,37.05,136.9667,301.66,90,4,1.01,JP,1691160370
320,al kharijah,25.4514,30.5464,314.65,10,0,6.54,EG,1691159848
321,daru,-9.0763,143.2092,297.98,74,14,6.44,PG,1691160371
322,pariaman,-0.619,100.12,298.18,90,68,1.85,ID,1691160372
323,salida,37.7058,-121.0849,291.1,84,0,2.57,US,1691160319
324,santa isabel,-23.3156,-46.2214,294.57,33,0,1.68,BR,1691160373
325,page,36.9147,-111.4558,297.1,47,0,0.45,US,1691159905
326,gillette,44.2911,-105.5022,290.4,93,100,3.6,US,1691160374
327,kununurra,-15.7667,128.7333,296.14,68,100,0.0,AU,1691159604
328,antsiranana,-12.2787,49.2917,298.57,61,40,9.26,MG,1691160375
329,wladyslawowo,54.7909,18.4009,294.23,70,65,4.94,PL,1691160375
330,vorkuta,67.5,64.0,298.81,57,11,2.18,RU,1691160376
331,kill devil hills,36.0307,-75.676,298.15,90,100,5.14,US,1691160376
332,cukai,4.25,103.4167,301.12,87,10,2.36,MY,1691160377
333,bandarbeyla,9.4942,50.8122,298.32,78,100,14.02,SO,1691160378
334,kone,-21.0595,164.8658,289.59,88,13,1.79,NC,1691160378
335,pangkalanbuun,-2.6833,111.6167,297.63,86,2,1.79,ID,1691160379
336,tsiombe,-25.3,45.4833,293.57,56,0,8.13,MG,1691160379
337,tangalle,6.024,80.7911,303.24,83,67,5.87,LK,1691160380
338,atafu village,-8.5421,-172.5159,301.15,70,100,3.4,TK,1691160380
339,torrington,41.8007,-73.1212,296.31,87,26,5.09,US,1691160381
340,lionel town,17.8101,-77.2406,304.09,53,26,2.17,JM,1691160383
341,antalaha,-14.9003,50.2788,295.31,83,25,6.01,MG,1691160384
342,pangkalpinang,-2.1333,106.1333,299.8,79,20,4.52,ID,1691160384
343,kapa'a,22.0752,-159.319,299.33,77,20,6.17,US,1691160100
344,ixtapa,20.7,-105.2,298.83,94,100,2.57,MX,1691160010
345,clarksdale,34.2001,-90.5709,304.14,79,23,4.12,US,1691160386
346,pandan,14.0453,124.1694,300.86,83,100,4.25,PH,1691160387
347,castro de rei,42.7167,-7.5667,296.52,28,0,4.28,ES,1691160387
348,kupang,-10.1667,123.5833,297.55,82,11,5.57,ID,1691160388
349,acarau,-2.8856,-40.12,304.45,51,7,6.57,BR,1691160223
350,sen monorom,12.45,107.2,294.6,91,100,2.6,KH,1691160390
351,decorah,43.3033,-91.7857,299.66,83,0,1.54,US,1691160196
352,guben,51.9499,14.7145,297.64,48,100,2.36,DE,1691160390
353,vernon,50.2581,-119.2691,288.89,51,0,2.06,CA,1691160149
354,dompu,-8.5356,118.4622,295.51,96,78,0.7,ID,1691160391
355,shannon,52.7039,-8.8642,289.34,67,75,2.57,IE,1691160393
356,dudinka,69.4058,86.1778,292.94,55,55,4.34,RU,1691160393
357,sarangani,5.4033,125.4636,301.68,76,16,3.35,PH,1691160394
358,utete,-7.986,38.758,299.92,53,43,5.07,TZ,1691160394
359,colonel hill,22.7667,-74.2167,302.15,73,1,4.87,BS,1691160395
360,sodankyla,67.4167,26.6,291.61,91,100,3.01,FI,1691160396
361,westport,41.1415,-73.3579,298.4,79,100,5.66,US,1691159992
362,lethem,3.3803,-59.7968,303.88,63,89,0.93,GY,1691160397
363,blora,-6.9698,111.4186,297.38,66,20,2.36,ID,1691160397
364,noosa heads,-26.3833,153.15,289.32,66,65,6.04,AU,1691160398
365,nema,57.5067,50.5011,296.45,63,86,1.22,RU,1691160398
366,villa tupac amaru,-13.7,-76.15,291.75,77,100,1.03,PE,1691160399
367,vorgashor,67.5833,63.95,298.67,56,10,2.11,RU,1691160399
368,boulsa,12.6675,-0.5758,309.37,37,0,2.43,BF,1691160400
369,soio,-6.1349,12.3689,296.55,76,15,4.8,AO,1691160400
370,northwest harborcreek,42.1494,-79.9946,297.89,78,75,3.6,US,1691160401
371,mirny,62.5353,113.9611,289.95,77,100,5.81,RU,1691160401
372,aripuana,-9.1667,-60.6333,308.27,23,17,1.91,BR,1691160145
373,murzuq,25.9155,13.9184,314.22,8,0,1.56,LY,1691160403
374,nasice,45.4886,18.0878,305.68,66,10,2.6,HR,1691160403
375,christchurch,-43.5333,172.6333,280.88,88,75,3.6,NZ,1691160155
376,knyaze-volkonskoye,48.4642,135.4567,291.34,73,100,2.71,RU,1691160405
377,kruisfontein,-34.0033,24.7314,293.2,52,81,3.62,ZA,1691160405
378,akureyri,65.6835,-18.0878,287.11,58,75,3.09,IS,1691160128
379,utrik,11.2278,169.8474,301.13,79,97,7.17,MH,1691160406
380,alofi,-19.0595,-169.9187,295.09,94,100,5.66,NU,1691159916
381,tyukhtet,56.5389,89.3011,291.39,63,15,2.31,RU,1691160407
382,chinchilla,-26.75,150.6333,284.62,89,0,3.92,AU,1691160408
383,barbacoas,1.6715,-78.1398,303.03,71,28,0.64,CO,1691160408
384,al hasakah,36.5024,40.7477,315.78,9,0,5.16,SY,1691160409
385,isangel,-19.55,169.2667,293.8,88,100,8.35,VU,1691160409
386,sarny,51.338,26.6019,300.38,47,47,1.18,UA,1691160410
387,berezovyy,51.6667,135.7,287.0,72,75,2.03,RU,1691159864
388,playa del ingles,27.7567,-15.5787,300.59,69,0,2.68,ES,1691160411
389,mayahi,13.9553,7.6712,309.25,36,44,3.57,NE,1691160411
390,corner brook,48.9667,-57.9484,296.24,38,83,3.21,CA,1691160412
391,lame,10.4415,9.2396,298.75,75,100,2.26,NG,1691160412
392,terrace,54.5163,-128.6035,285.1,82,40,0.0,CA,1691160414
393,itoman,26.1247,127.6694,301.58,94,75,20.06,JP,1691160414
394,arraial do cabo,-22.9661,-42.0278,297.13,69,75,4.12,BR,1691160248
395,shira,54.4911,89.9531,290.71,89,97,2.32,RU,1691160415
396,jiujiang,29.7333,115.9833,302.36,82,0,0.93,CN,1691160416
397,skiathos,39.1623,23.4909,304.24,70,0,3.09,GR,1691160416
398,kasongo-lunda,-6.4667,16.8167,309.92,13,5,2.23,CD,1691160014
399,port hedland,-20.3167,118.5667,294.18,68,1,0.0,AU,1691160417
400,port isabel,26.0734,-97.2086,305.38,70,0,3.6,US,1691160418
401,princeville,45.7668,-61.2985,295.72,69,20,6.17,CA,1691160264
402,northam,51.0333,-4.2167,290.59,73,100,6.5,GB,1691159901
403,lupane,-18.9315,27.807,296.17,22,0,2.26,ZW,1691160420
404,kingston,17.997,-76.7936,304.4,74,20,2.06,JM,1691160408
405,luderitz,-26.6481,15.1594,288.45,68,1,1.54,NA,1691160421
406,alghero,40.5589,8.3181,298.2,61,0,4.12,IT,1691160422
407,sao vicente,-23.9631,-46.3919,297.25,73,75,1.54,BR,1691160422
408,petropavlovsk-kamchatsky,53.0452,158.6483,283.48,100,0,1.0,RU,1691160423
409,port douglas,-16.4833,145.4667,293.27,86,89,6.43,AU,1691160407
410,mahdia,35.5047,11.0622,305.12,60,1,5.76,TN,1691160424
411,ta`u,-14.2336,-169.5144,299.86,77,10,6.3,AS,1691160425
412,karachev,53.1229,34.9852,301.89,45,54,3.81,RU,1691160425
413,smidovich,48.6,133.8167,289.04,75,100,3.97,RU,1691160426
414,wenshui,28.4506,106.5267,295.28,91,77,1.37,CN,1691160426
415,flying fish cove,-10.4217,105.6791,297.97,94,100,7.2,CX,1691160427
416,downpatrick,54.3263,-5.7035,289.87,69,100,1.7,GB,1691160428
417,geraldton,-28.7667,114.6,279.38,87,2,3.09,AU,1691160428
418,sabang,5.8933,95.3214,301.47,76,43,6.78,ID,1691160429
419,saint-denis,48.9167,2.3333,296.45,61,75,4.63,FR,1691160429
420,minab,27.1467,57.0801,308.47,48,21,3.03,IR,1691160430
421,tanjung pandan,-2.75,107.65,299.38,78,6,4.31,ID,1691160430
422,mmabatho,-25.85,25.6333,292.13,26,0,1.54,ZA,1691160431
423,rosa zarate,0.3333,-79.4667,300.79,83,68,0.43,EC,1691160432
424,sultanah,24.4926,39.5857,316.4,4,0,6.69,SA,1691160139
425,miramichi,47.0043,-65.4654,290.92,59,99,4.34,CA,1691160433
426,malvan,16.0667,73.4667,299.83,85,48,6.85,IN,1691159904
427,hilo,19.7297,-155.09,299.97,79,40,3.09,US,1691159736
428,mezhdurechensk,53.6942,88.0603,291.6,94,89,0.79,RU,1691160434
429,carutapera,-1.195,-46.02,302.18,73,37,3.3,BR,1691159979
430,lodwar,3.1191,35.5973,305.12,33,37,4.46,KE,1691160436
431,debark',13.1561,37.8981,286.13,83,96,1.6,ET,1691160436
432,grand falls-windsor,48.9332,-55.6649,298.99,49,10,2.11,CA,1691160437
433,robertsport,6.7533,-11.3686,299.71,81,46,5.74,LR,1691160439
434,quirinopolis,-18.4483,-50.4517,302.8,20,67,2.75,BR,1691160198
435,zahedan,29.4963,60.8629,310.1,9,0,5.14,IR,1691160440
436,port saint john's,-31.6229,29.5448,294.0,50,84,3.62,ZA,1691160440
437,bayanaul,50.7889,75.6956,295.1,57,65,2.57,KZ,1691160441
438,inhambane,-23.865,35.3833,294.07,68,33,4.4,MZ,1691160442
439,ramanuj ganj,23.8,83.7,298.45,85,100,3.99,IN,1691160442
440,berdigestyakh,62.0989,126.6992,288.19,56,91,0.99,RU,1691160443
441,mandalgovi,45.7625,106.2708,295.86,45,22,3.71,MN,1691160443
442,nuuk,64.1835,-51.7216,281.49,81,75,6.17,GL,1691159891
443,piacabucu,-10.4056,-36.4344,299.43,58,93,4.61,BR,1691160445
444,cody,44.5263,-109.0565,292.26,73,100,4.63,US,1691160445
445,la gi,10.6667,107.7833,299.55,89,45,3.57,VN,1691160446
446,rio gallegos,-51.6226,-69.2181,275.18,75,20,10.29,AR,1691159727
447,arica,-18.475,-70.3042,291.9,68,100,1.03,CL,1691160447
448,egersund,58.4513,5.9997,290.03,70,6,10.47,NO,1691160448
449,persembe,41.0656,37.7714,299.83,77,0,2.24,TR,1691160448
450,nchelenge,-9.3451,28.734,298.88,40,3,2.23,ZM,1691160449
451,san antonio de pale,-1.4014,5.6325,295.93,77,38,3.89,GQ,1691160449
452,bamboo flat,11.7,92.7167,302.2,79,75,5.14,IN,1691160450
453,barakani,-12.1356,44.4317,297.87,79,43,3.32,KM,1691160450
454,krasnovishersk,60.4078,57.082,294.79,72,100,0.58,RU,1691160451
455,lamesa,32.7376,-101.951,302.33,44,5,7.01,US,1691160452
456,yigo village,13.5361,144.8886,300.77,89,75,1.54,GU,1691160452
457,kodinsk,58.6881,99.1844,284.25,79,0,2.62,RU,1691160453
458,severo-yeniseyskiy,60.3725,93.0408,283.05,64,5,4.66,RU,1691160453
459,nea ionia,38.0373,23.7595,309.44,46,20,5.36,GR,1691160454
460,california city,35.1258,-117.9859,295.99,38,0,2.06,US,1691160454
461,talcahuano,-36.7167,-73.1167,280.97,57,0,4.12,CL,1691160455
462,san sebastian de la gomera,28.0916,-17.1133,302.25,69,20,3.6,ES,1691159862
463,lerwick,60.1545,-1.1494,285.15,71,100,6.21,GB,1691160456
464,abingdon,51.6711,-1.2828,292.71,66,75,4.12,GB,1691160457
465,safford,32.834,-109.7076,307.1,22,0,1.15,US,1691160457
466,birzebbuga,35.8258,14.5269,306.53,40,0,4.12,MT,1691160459
467,angaur state,6.906,134.13,301.01,80,98,4.2,PW,1691159961
468,eyl,7.9803,49.8164,301.33,64,34,12.21,SO,1691160460
469,koksan,38.7819,126.6664,297.15,96,70,0.62,KP,1691160460
470,hainburg an der donau,48.1463,16.945,293.64,88,100,3.24,AT,1691160461
471,junin,-34.5838,-60.9433,288.09,53,35,2.46,AR,1691160461
472,north elba,44.2434,-73.9543,292.71,90,100,0.45,US,1691160462
473,pitimbu,-7.4706,-34.8086,301.48,62,18,6.09,BR,1691160462
474,east ballina,-28.8667,153.5833,286.93,70,16,2.04,AU,1691160463
475,puerto baquerizo moreno,-0.9,-89.6,297.7,94,100,4.12,EC,1691160463
476,sokoni,-6.4333,39.55,300.07,81,77,8.46,TZ,1691160464
477,kyabe,9.4515,18.9449,298.53,81,100,2.47,TD,1691160464
478,sitangkai,4.6628,119.3928,302.09,76,5,5.91,PH,1691160465
479,puerto lempira,15.2667,-83.7667,303.23,70,40,3.09,HN,1691160333
480,nelson bay,-32.7167,152.15,288.2,87,100,2.68,AU,1691160466
481,fereydunshahr,32.941,50.121,299.44,14,67,5.64,IR,1691160466
482,markovo,57.3206,107.0881,288.93,93,18,1.48,RU,1691160467
483,tesechoacan,18.1333,-95.6667,298.09,93,100,2.97,MX,1691160467
484,griffith,41.5284,-87.4237,301.77,67,0,3.6,US,1691160468
485,kayangel,8.0823,134.7173,301.3,77,80,5.06,PW,1691160468
486,morwell,-38.2333,146.4,283.37,81,19,3.89,AU,1691160469
487,nouadhibou,20.931,-17.0347,298.14,69,5,8.75,MR,1691159997
488,manokwari,-0.8667,134.0833,298.91,78,100,3.28,ID,1691160470
489,launceston,-41.45,147.1667,283.95,88,100,11.32,AU,1691160471
490,thunder bay,48.4001,-89.3168,292.14,77,0,1.03,CA,1691159740
491,gurupa,-1.405,-51.64,307.75,42,0,1.44,BR,1691160472
492,gasa,31.5,34.4667,305.86,57,0,4.92,PS,1691160325
493,burgersdorp,-30.9977,26.3286,287.01,35,100,2.71,ZA,1691160474
494,monticello,45.3055,-93.7941,299.74,74,0,2.06,US,1691160475
495,brokopondo,4.75,-55.1667,302.27,67,6,0.66,SR,1691160475
496,as suwayrah,32.9256,44.7758,316.6,9,0,6.8,IQ,1691160476
497,mirto,38.0847,14.7515,303.22,42,0,2.3,IT,1691160476
498,tabou,4.423,-7.3528,299.07,77,92,3.93,CI,1691159964
499,mbeya,-8.9,33.45,291.12,58,34,3.24,TZ,1691160477
500,zhuanghe,39.7008,122.9911,298.23,94,100,1.58,CN,1691160478
501,chui,-33.6971,-53.4616,289.33,64,96,0.73,UY,1691160454
502,puerto deseado,-47.7503,-65.8938,280.06,41,0,10.47,AR,1691160479
503,new norfolk,-42.7826,147.0587,287.87,87,97,5.64,AU,1691160480
504,golhisar,37.1459,29.5088,308.21,17,0,2.33,TR,1691160480
505,bel ombre,-4.6167,55.4167,299.06,78,40,7.72,SC,1691160481
506,lipno,52.8444,19.1785,297.71,54,98,1.34,PL,1691160481
507,alice springs,-23.7,133.8833,287.9,51,1,2.57,AU,1691160417
508,khilok,51.3674,110.4676,284.51,90,6,1.87,RU,1691160483
509,broken hill,-31.95,141.4333,285.65,73,100,7.03,AU,1691160485
510,sola,-13.8833,167.55,296.32,87,100,5.7,VU,1691160485
511,ringkobing,56.0901,8.244,290.38,71,89,10.44,DK,1691160486
512,spring creek,40.7266,-115.5859,284.98,56,0,0.68,US,1691159918
513,ar rass,25.8694,43.4973,314.42,7,0,4.95,SA,1691160488
514,flin flon,54.7682,-101.865,292.06,88,100,3.09,CA,1691160488
515,dunedin,-45.8742,170.5036,279.15,85,95,0.45,NZ,1691160489
516,la'ie,21.6477,-157.9253,297.65,76,28,5.42,US,1691160464
517,egremont,54.4794,-3.5276,291.31,59,73,6.73,GB,1691160490
518,vatutine,49.015,31.0621,306.62,30,0,0.69,UA,1691160490
519,sofo-birnin-gwari,11.0154,6.7804,301.93,63,64,2.31,NG,1691160491
520,erdenet,49.0333,104.0833,288.76,93,100,1.18,MN,1691160491
521,gracemere,-23.4333,150.45,290.1,72,100,3.09,AU,1691160492
522,rzhev,56.2624,34.3282,297.95,56,15,4.31,RU,1691160492
523,fergus falls,46.283,-96.0776,297.33,67,0,3.09,US,1691160493
524,bima,-8.4667,118.7167,295.85,95,56,1.81,ID,1691160493
525,sinjai,-5.1241,120.253,297.35,91,59,1.77,ID,1691160405
526,sidi okba,34.7451,5.8983,315.31,9,0,5.14,DZ,1691160496
527,kohlu,29.8962,69.252,306.02,38,15,5.51,PK,1691160496
528,fisterra,42.9049,-9.2629,298.57,68,1,10.29,ES,1691160497
529,trairi,-3.2778,-39.2689,304.24,46,3,6.63,BR,1691160497
530,linares,-35.85,-71.6,282.35,67,0,2.11,CL,1691160498
531,filey,54.21,-0.2892,290.31,77,38,3.58,GB,1691160498
532,rabo de peixe,37.8,-25.5833,296.88,60,75,6.17,PT,1691160499
533,puerto leguizamo,-0.1934,-74.7819,301.08,70,71,0.77,CO,1691160499
534,kittila,67.6647,24.8936,292.23,72,99,0.51,FI,1691160500
535,merritt,50.1123,-120.7942,292.22,53,2,0.65,CA,1691160500
536,acapulco de juarez,16.8634,-99.8901,298.05,83,100,4.63,MX,1691160211
537,posadas,-27.3671,-55.8961,300.14,57,0,6.69,AR,1691160502
538,road town,18.4167,-64.6167,303.17,74,75,4.63,VG,1691160388
539,shakawe,-18.3667,21.85,298.8,19,0,3.83,BW,1691160503
540,lander,42.833,-108.7307,290.43,86,100,0.0,US,1691160504
541,san luis de la loma,17.2706,-100.8939,298.84,92,100,4.25,MX,1691160504
542,port augusta,-32.5,137.7667,282.67,85,67,3.95,AU,1691160505
543,newcastle west,52.4492,-9.0611,288.96,83,100,2.61,IE,1691160506
544,la ronge,55.1001,-105.2842,291.27,88,40,4.63,CA,1691160507
545,sambava,-14.2667,50.1667,295.98,82,32,7.88,MG,1691160508
546,upata,8.0086,-62.3989,300.79,75,35,1.54,VE,1691160510
547,laascaanood,8.4774,47.3597,304.12,31,93,10.47,SO,1691160510
548,saldanha,-33.0117,17.9442,290.18,74,0,4.71,ZA,1691160511
